2944;497;1607
3409;1305;225
964;186;387
3363;1136;327
1234;1436;864
1773;1797;1188
3837;1462;1598
194;1930;1402
2792;1058;873
2552;1127;383
1323;205;1181
230;1080;1059
707;875;1765
2682;459;1670
776;1311;1756
2442;1511;1505
1681;1194;416
3613;1868;1224
1504;1517;1650
3369;1928;1420
2508;208;1389
3926;1484;1337
1584;62;1560
1019;755;1815
3125;1858;1312
1713;67;1051
3959;162;1320
1447;402;1405
1415;796;741
3485;1936;494
972;623;347
96;1879;634
882;152;1627
2374;1143;248
2595;1621;1527
1583;966;382
2271;897;98
3912;1039;1051
836;1491;961
2283;1976;903
996;459;1813
2111;626;1056
3225;458;870
3260;647;1098
844;1215;1659
1791;607;491
3685;1569;1465
3770;992;291
250;1923;219
338;1084;573
3424;1115;186
1655;1218;196
2068;997;570
2025;800;403
2552;1090;583
3766;1871;887
3061;1633;1762
3223;52;126
2363;384;223
3460;1403;1152
221;1306;533
2021;517;1224
2361;1504;927
123;1087;27
3502;45;859
2710;409;1286
531;1421;1554
1835;936;29
906;1133;1965
301;232;724
1556;385;1602
1159;1642;739
2785;614;1018
1972;519;781
2135;1108;1975
3872;238;1160
1111;1310;426
11;1807;1394
3902;40;667
3483;1935;1943
610;1612;21
3165;892;1172
216;1323;1287
742;1027;997
2388;534;477
3111;1089;838
3686;1732;1833
1455;575;407
3762;95;765
3267;467;240
847;1077;958
875;1693;582
739;187;1116
3388;894;138
295;208;1568
345;539;1085
1431;387;1490
392;551;196
1598;306;887
2339;774;1088
759;1191;949
3605;1717;844
1531;764;1003
3361;440;1341
64;29;721
3107;145;1905
3185;609;144
3618;295;4
429;1287;678
2749;1572;1851
368;147;1538
2789;61;1031
1747;1662;782
3349;556;916
1891;14;500
1744;1909;750
17;1161;539
3492;675;1638
2074;41;1997
126;987;1192
522;381;1577
1918;398;1531
3745;114;1703
731;1061;226
3331;274;1676
755;474;1988
453;1911;1953
386;492;592
3205;1157;1754
65;86;758
3690;566;386
2389;852;636
1043;1231;71
1692;1351;1422
2589;522;236
1997;394;110
2931;1880;497
644;1775;1785
2871;270;985
1721;1565;857
2005;717;598
1225;597;61
2973;1161;1029
2271;1294;921
1926;908;335
1193;644;1486
3889;409;889
3936;1304;536
826;991;1363
90;1139;124
3070;590;628
3062;433;621
546;1229;446
3858;135;665
2408;1892;1051
3713;1520;1747
1526;964;985
1145;1735;360
2586;205;567
3878;505;291
692;972;909
758;497;914
985;1022;1250
3218;1949;1049
2985;1374;37
2976;276;1887
1116;212;1785
246;1201;1939
48;904;346
3419;1246;998
3896;396;872
901;170;497
1522;1013;1737
1571;1301;1808
2870;835;221
1929;1950;1160
2855;647;332
2180;887;53
3341;1689;346
2071;877;723
1293;860;0
2142;129;724
2998;122;698
1199;148;1677
3112;1665;941
1654;811;675
2780;1723;783
1023;466;67
147;395;1811
1146;337;910
1909;1301;1689
1232;789;1896
2474;60;667
3881;101;854
2787;1060;1168
3013;1739;1973
1519;1315;1347
3068;1985;1868
946;293;1976
105;1923;1608
