2353;1294;993
54;235;208
3506;112;126
2085;1111;399
1468;899;827
559;520;843
540;578;273
864;1903;937
1750;1331;548
3547;82;799
3572;1221;245
2375;732;715
3256;1506;960
85;1765;525
3440;283;181
794;1400;809
1743;1951;963
3088;3;550
3356;1553;732
502;796;690
3347;275;86
1297;1216;394
2104;899;931
3856;1;959
2330;618;392
2099;639;685
770;1000;557
2271;941;520
154;1474;79
432;517;315
1263;1301;410
2495;502;671
2066;1754;828
1307;748;660
2308;609;380
2413;851;922
538;367;543
110;1989;272
1168;1140;394
2846;61;678
1193;522;102
3381;1239;814
912;1974;578
1942;1781;756
2324;1886;939
1138;136;212
2073;1391;444
1155;997;203
1741;1882;482
1509;766;807
1004;1670;586
1905;368;361
3276;620;614
473;970;835
3051;1089;5
570;1060;837
3799;715;617
2500;1667;107
1563;1998;560
1807;455;188
1081;410;158
3819;1658;522
699;85;548
1497;1606;659
1367;816;329
68;1048;137
2539;701;529
2509;591;206
3862;249;869
1658;1165;29
3344;1834;345
956;481;250
2019;1471;195
1884;483;457
3293;234;361
2307;1190;790
2524;1187;99
2813;1604;788
3371;1148;603
2421;1479;711
3178;697;311
3802;1939;447
2106;77;372
2395;1741;944
2680;689;656
1791;338;99
2153;1403;533
2143;102;99
2353;151;481
2193;1860;14
3394;683;75
652;243;789
1843;1467;841
3770;26;715
3835;1965;291
1885;1322;896
1619;1831;43
912;817;448
2005;797;566
2759;142;343
3902;178;986
1802;357;958
465;733;876
347;652;591
2797;1382;409
3889;1940;139
2953;872;914
1722;379;865
268;158;982
1977;1265;913
3952;198;16
2073;915;712
3960;138;968
723;511;841
3614;1351;99
707;710;470
685;1979;92
1820;1322;475
3788;537;466
2616;648;845
1728;1500;255
1439;1808;70
1905;1060;610
700;1534;910
1485;998;769
686;961;248
2238;324;873
3248;766;40
1802;1102;969
3314;697;84
1188;1458;406
3981;706;718
384;505;238
1646;1376;254
1054;71;79
2363;1155;608
1669;1336;488
2022;1264;812
534;1249;781
3778;1639;671
1044;974;111
1081;539;680
1015;203;781
3699;1099;644
2705;1276;800
230;1379;289
89;1815;373
839;1932;502
3751;1217;475
281;1620;62
3062;536;622
1934;936;204
2154;521;430
3339;463;171
966;1018;47
955;575;469
1981;1734;580
1057;238;445
556;1362;266
2937;1102;933
1683;1197;412
890;1196;963
2846;1071;356
2658;224;763
1823;1949;801
3590;1840;979
1930;1571;794
1948;447;253
1463;1249;683
3652;1850;679
689;817;3
2897;33;55
1658;1294;205
1965;1071;738
225;196;448
872;124;119
1259;1231;707
580;945;469
276;706;485
2154;154;250
649;651;622
2155;483;378
3234;497;577
1328;1317;501
2071;1121;168
2558;1381;547
2858;342;987
3441;1637;385
3494;111;810
1428;1248;640
3215;1940;246
1173;1405;582
2968;964;298
3777;1549;992
3113;1814;751
1216;1739;914
3589;1369;245
518;452;520
1522;1830;435
3513;1808;999
